{"cameraMode":{"drawMode":0,"name":"Shaded","section":"Shading Mode"},"sceneLighting":true,"audioPlay":false,"sceneViewState":{"m_AlwaysRefresh":false,"showFog":true,"showSkybox":true,"showFlares":true,"showImageEffects":true,"showParticleSystems":true,"showVisualEffectGraphs":true,"m_FxEnabled":true},"in2DMode":false,"pivot":{"x":-0.47800418734550478,"y":-0.13071012496948243,"z":0.05364459753036499},"rotation":{"x":-0.31285783648490908,"y":0.024783862754702569,"z":-0.008165532723069191,"w":-0.9494510889053345},"size":0.9088757038116455,"orthographic":false}